{
  "dining": {
    "precision": 0.26605504587155965,
    "recall": 1.0,
    "f1-score": 0.42028985507246375,
    "support": 29.0
  },
  "fuel": {
    "precision": 0.6428571428571429,
    "recall": 0.3076923076923077,
    "f1-score": 0.4161849710982659,
    "support": 117.0
  },
  "groceries": {
    "precision": 0.07272727272727272,
    "recall": 0.2553191489361702,
    "f1-score": 0.11320754716981132,
    "support": 47.0
  },
  "other": {
    "precision": 0.22727272727272727,
    "recall": 0.24752475247524752,
    "f1-score": 0.23696682464454977,
    "support": 101.0
  },
  "shopping": {
    "precision": 0.1,
    "recall": 0.022222222222222223,
    "f1-score": 0.03636363636363636,
    "support": 180.0
  },
  "utilities": {
    "precision": 0.102803738317757,
    "recall": 0.09734513274336283,
    "f1-score": 0.1,
    "support": 113.0
  },
  "accuracy": 0.19931856899488926,
  "macro avg": {
    "precision": 0.2352859878410766,
    "recall": 0.32168392734488505,
    "f1-score": 0.2205021390581212,
    "support": 587.0
  },
  "weighted avg": {
    "precision": 0.23666002001225686,
    "recall": 0.19931856899488926,
    "f1-score": 0.18395554679239143,
    "support": 587.0
  }
}